https://mangadex.org/title/18091,Arifureta: From Commonplace To World'S Strongesttest
https://mangadex.org/title/24249,How To Treat A Lady Knight Righttest
https://mangadex.org/title/23941,Berserk Of Gluttony: The One That Exceeds The Concept Of Levelstest
https://mangadex.org/title/22151,Rent-A-Girlfriendtest
https://mangadex.org/title/15950,How Not To Summon A Demon Lordtest
https://mangadex.org/title/939,Hunter×Huntertest
https://mangadex.org/title/15553,That Time I Got Reincarnated As A Slimetest
https://mangadex.org/title/33085,The Eminence In Shadowtest
https://mangadex.org/title/22631,"Don'T Toy With Me, Miss Nagatorotest"
https://mangadex.org/title/17709,"So I'M A Spider, So What?test"
https://mangadex.org/title/21063,Welcome To Demon School! Iruma-Kuntest
https://mangadex.org/title/47754,Villains Are Destined To Dietest
https://mangadex.org/title/29115,Game Of Familia –A Family'S War Chronicles–test
https://mangadex.org/title/20068,Smgttest
https://mangadex.org/title/22043,Being Able To Edit Skills In Another World I Gained Op Waifustest
https://mangadex.org/title/34221,"The Best Assassin, Incarnated Into A Different World’S Aristocrattest"
https://mangadex.org/title/22816,My Entire Class Was Summoned To Another World Except For Metest
https://mangadex.org/title/30744,Life As A Reincarnated Sage In Another World ~Gaining A Second Profession And Becoming The Strongest In The World~test
https://mangadex.org/title/31962,The Misfit Of Demon King Academy: History'S Strongest Demon King Reincarnates And Goes To School With His Descendantstest
https://mangadex.org/title/48045,Frieren At The Funeraltest
https://mangadex.org/title/35794,The Hero Who Returned Remains The Strongest In The Modern Worldtest
https://mangadex.org/title/22723,Meddlesome Kitsune Senko-Santest
https://mangadex.org/title/21901,The Strongest Sage With The Weakest Cresttest
https://mangadex.org/title/27044,Is My Reality A Love Game?? ~I Thought It Was A Life Like Game~test
https://mangadex.org/title/36284,The Reincarnation Magician Of The Inferior Eyestest
https://mangadex.org/title/23631,The Saint'S Magic Power Is Omnipotenttest
https://mangadex.org/title/22637,My Next Life As A Villainess: All Routes Lead To Doom!test
https://mangadex.org/title/429,Attack On Titantest
https://mangadex.org/title/20138,"Why The Hell Are You Here, Teacher!?test"
https://mangadex.org/title/12672,The Rising Of The Shield Herotest
https://mangadex.org/title/32043,I Shaved Then I Brought A High School Girl Hometest
https://mangadex.org/title/47286,Beware Of The Villainesstest
https://mangadex.org/title/36635,The Monster Duchess And Contract Princesstest
https://mangadex.org/title/23825,A Story About A Senpai Who Annoys His Kouhaitest
https://mangadex.org/title/34404,The Dark Massacre Of The Vengeful Herotest
https://mangadex.org/title/21699,A Harem In The Fantasy World Dungeontest
https://mangadex.org/title/21758,Redo Of Healertest
https://mangadex.org/title/26630,The Mischievous Gal Anjou-Santest
https://mangadex.org/title/23439,Tonikawa: Over The Moon For Youtest
https://mangadex.org/title/32020,Iron Ladiestest
https://mangadex.org/title/20523,Beastarstest
https://mangadex.org/title/17274,Kaguya Wants To Be Confessed Totest
https://mangadex.org/title/24104,More Than A Dolltest
https://mangadex.org/title/18198,Demon Slayertest
https://mangadex.org/title/23569,The Way Of The Househusbandtest
https://mangadex.org/title/31551,A Returners Magic Should Be Specialtest
https://mangadex.org/title/8245,World Triggertest
https://mangadex.org/title/350,Vinland Sagatest
https://mangadex.org/title/5014,Noragami: Stray Godtest
https://mangadex.org/title/20882,Dr Stonetest
https://mangadex.org/title/32311,Chainsaw Mantest
https://mangadex.org/title/10553,Mob Psycho 100test
https://mangadex.org/title/121,Mahou Sensei Negimatest
https://mangadex.org/title/23644,Negima Neotest
https://mangadex.org/title/18930,My First Girlfriend Is A Galtest
https://mangadex.org/title/44394,The 100 Girlfriends Who Really Love Youtest
https://mangadex.org/title/18221,Amano Megumi Is Full Of Openings!test
https://mangadex.org/title/51266,Isekai Cheat Magic Swordsmantest
https://mangadex.org/title/10504,Magika Swordsman And Summonertest
https://mangadex.org/title/13108,Teasing Master Takagi-Santest
https://mangadex.org/title/20548,Gyaru Cookingtest
https://mangadex.org/title/23811,The Dangers In My Hearttest
https://mangadex.org/title/22303,Different World Foundationtest
https://mangadex.org/title/20163,[New Life+] Young Again In Another Worldtest
https://mangadex.org/title/35909,Am I Actually The Strongest?test
https://mangadex.org/title/26077,"I Am Behemoth Of The S Rank Monster, But I Am Mistaken As A Cat And I Live As A Pet Of Elf Girltest"
https://mangadex.org/title/27467,My House Is A Magic Power Spot - Just By Living There I Become The Strongest In The Worldtest
https://mangadex.org/title/26359,An Observation Record Of My Fiancée - A Self-Proclaimed Villainesstest
https://mangadex.org/title/31032,The World Of Otome Games Is Tough For Mobstest
https://mangadex.org/title/15722,Tomo-Chan Is A Girl!test
https://mangadex.org/title/33949,Dosanko Gyaru Is Mega Cutetest
https://mangadex.org/title/18258,Yuuna And The Haunted Hot Springstest
https://mangadex.org/title/25495,An Archdemon'S Dilemma: How To Love Your Elf Bridetest
https://mangadex.org/title/30945,Pseudo Haremtest
https://mangadex.org/title/12108,Jobless Reincarnation - I Will Go All Out When I'M Transported To Another Worldtest
https://mangadex.org/title/33797,"Ex-Hero Candidate'S, Who Turned Out To Be A Cheat From Lv2, Laid-Back Life In Another Worldtest"
https://mangadex.org/title/31792,"The Girl Who Sees ""Them""test"
https://mangadex.org/title/16105,Moon-Led Journey Across Another Worldtest
https://mangadex.org/title/45252,Villainess Level 99test
https://mangadex.org/title/23706,By The Grace Of The Godstest
https://mangadex.org/title/9707,Sounds Of Lifetest
https://mangadex.org/title/2719,Youko X Bokutest
https://mangadex.org/title/17073,Wotakoi: Love Is Hard For An Otakutest
https://mangadex.org/title/14377,Relifetest
https://mangadex.org/title/3770,Yamada-Kun And The Seven Witchestest
https://mangadex.org/title/36641,Going Through A Lv999 Love With Yamada-Kuntest
https://mangadex.org/title/9,Air Geartest
https://mangadex.org/title/969,Divine Nanamitest
https://mangadex.org/title/4280,Daily Life With A Monster Girltest
https://mangadex.org/title/23569,The Way Of The Househusbandtest
https://mangadex.org/title/7287,My Youth Romantic Comedy Is Wrong As I Expectedtest
https://mangadex.org/title/1168,Spice And Wolftest
https://mangadex.org/title/437,Velvet Kisstest
https://mangadex.org/title/7200,"You Are Obscene, My Queentest"
https://mangadex.org/title/21678,Assassins Pridetest
https://mangadex.org/title/12983,Love And Liestest
https://mangadex.org/title/41679,"I Possessed The Trash Skill ""Thermal Operator"" And Became Unrivaledtest"
https://mangadex.org/title/9803,Danmachitest
https://mangadex.org/title/6490,Love Tyranttest
https://mangadex.org/title/54008,Second Life Cheat Magetest
https://mangadex.org/title/5353,Gatetest
https://mangadex.org/title/38175,Asperger'S Girltest
https://mangapark.net/manga/bokutachi-wa-benkyou-ga-dekinai,We Never Learntest
https://mangadex.org/title/50976,The Executed Sage Is Reincarnated as a Lich and Starts an All-Out War
